sottoinsieme,modello,blocco,riferimento,rmse_mean,rmse_std,differenza_media,differenza_std,differenza_in_dispersioni,fold_peggiori,n_fold,differenza_min,differenza_max
FD001,Percettrone multistrato,Metodi a margine e reti,Percettrone multistrato,16.58077738090125,1.3955022929293248,0.0,0.0,,0,15,0.0,0.0
FD001,Foresta casuale,Famiglia ad albero,Percettrone multistrato,16.594991086206722,1.4617147260522378,0.014213705305474,0.2234551448075354,0.0636087628132996,11,15,-0.4158909964255457,0.2683294147181669
FD001,XGBoost,Famiglia ad albero,Percettrone multistrato,16.7011412302653,1.3612447451958138,0.1203638493640479,0.1881146119502102,0.6398431685673923,12,15,-0.1833267429309195,0.3804118605687172
FD001,Gradient boosting,Famiglia ad albero,Percettrone multistrato,16.708522143352873,1.3658039806718258,0.1277447624516231,0.1831362569742394,0.6975394417370455,12,15,-0.1905440475891886,0.3717732266990552
FD001,Bagging di alberi,Famiglia ad albero,Percettrone multistrato,16.894466678780198,1.4352071290546051,0.3136892978789449,0.2248208853098108,1.3952853955123896,14,15,-0.1340559036567903,0.7539826028741068
FD001,"SVR, kernel radiale",Metodi a margine e reti,Percettrone multistrato,16.960917655434557,1.4108012886289485,0.380140274533303,0.431783518845415,0.8803955175264553,12,15,-0.5025874550454716,1.080485824047246
FD001,AdaBoost,Famiglia ad albero,Percettrone multistrato,16.966399821352695,1.2652155318281924,0.3856224404514446,0.5325940333052929,0.7240457390374079,11,15,-0.4286873299880689,1.149141397939058
FD001,Modello additivo generalizzato,Superamento della linearita',Percettrone multistrato,17.462329226156385,1.2061915781068866,0.8815518452551365,0.4538179661711283,1.9425230179686537,13,15,-0.1020508363536798,1.4997369438390376
FD001,Regression spline,Superamento della linearita',Percettrone multistrato,17.46799754536286,1.185814043111397,0.8872201644616126,0.5416421534155855,1.6380190479393422,13,15,-0.3700664664410915,1.5035973384767427
FD001,Step functions,Superamento della linearita',Percettrone multistrato,17.69189272386789,1.2043195525056984,1.111115342966637,0.4683774719628502,2.372264699901634,15,15,0.1021645438724405,1.613509152932659
FD001,Regressione polinomiale,Superamento della linearita',Percettrone multistrato,17.7518080339106,1.2810430151488073,1.1710306530093486,0.3673239258678132,3.1880053831036337,15,15,0.7106322908659521,2.045859894354765
FD001,Albero di regressione potato,Famiglia ad albero,Percettrone multistrato,18.480329760564977,1.2678146850781478,1.8995523796637248,0.4333148392302445,4.383769508189832,15,15,1.2179166948119793,2.5471782613961516
FD001,"SVR, kernel lineare",Metodi a margine e reti,Percettrone multistrato,20.32026803269804,1.1151073566881924,3.7394906517967863,0.6736576055041652,5.551025656421043,15,15,2.7566590250913947,4.811544291812952
FD001,Ridge,Modelli lineari,Percettrone multistrato,20.326974161087016,1.1370967772030849,3.7461967801857625,0.6273581155173289,5.971384903655215,15,15,2.8899579382922767,4.875933418589481
FD001,Elastic Net,Modelli lineari,Percettrone multistrato,20.32903388417386,1.1254295529714602,3.7482565032726103,0.6344903319045163,5.907507671585264,15,15,2.9018083831038624,4.854053115071862
FD001,Forward stepwise selection,Modelli lineari,Percettrone multistrato,20.34498991206653,1.1832488422931218,3.7642125311652808,0.6236938920377265,6.035352565129158,15,15,2.8677774408681067,4.968966610990032
FD001,Backward stepwise selection,Modelli lineari,Percettrone multistrato,20.34498991206653,1.1832488422931158,3.7642125311652825,0.6236938920377343,6.035352565129085,15,15,2.8677774408680996,4.968966610990078
FD001,Best subset selection,Modelli lineari,Percettrone multistrato,20.34498991206653,1.1832488422931158,3.7642125311652825,0.6236938920377343,6.035352565129085,15,15,2.8677774408680996,4.968966610990078
FD001,Lasso,Modelli lineari,Percettrone multistrato,20.345049998924,1.181612550929106,3.76427261802275,0.6235606350984593,6.036738700524893,15,15,2.8691441193679204,4.97215746175579
FD001,Regressione lineare multipla,Modelli lineari,Percettrone multistrato,20.34521944370695,1.1833444302246183,3.764442062805698,0.6241812956061686,6.031007480206355,15,15,2.8676758470439445,4.972134409768332
FD001,Regressione sulle componenti principali,Modelli lineari,Percettrone multistrato,20.35345029223353,1.173308734185352,3.77267291133228,0.6323085135661707,5.9665065871953855,15,15,2.8951819642494385,5.019283582784352
FD001,"SVR, kernel polinomiale",Metodi a margine e reti,Percettrone multistrato,23.354282037551588,0.9261220489161728,6.773504656650335,0.7859919640023532,8.617778510303008,15,15,5.782106323001081,8.864607873772327
FD001,Regressione sul solo numero di ciclo,Metodi a margine e reti,Percettrone multistrato,27.87823796074896,2.466999459821219,11.297460579847703,2.42141156321844,4.66565071029544,15,15,7.382390330020291,14.636254366073011
FD001,Predizione costante,Metodi a margine e reti,Percettrone multistrato,41.69369866169996,0.1352960421542735,25.112921280798705,1.408578532200675,17.82855602773091,15,15,22.361204485418117,27.2709408040095
FD003,Percettrone multistrato,Metodi a margine e reti,Percettrone multistrato,14.042110172887716,1.056928682431698,0.0,0.0,,0,15,0.0,0.0
FD003,XGBoost,Famiglia ad albero,Percettrone multistrato,14.55752607981364,1.108313780975701,0.5154159069259215,0.4512612407161038,1.1421674640348265,13,15,-0.1435892751221175,1.5867043051356422
FD003,Gradient boosting,Famiglia ad albero,Percettrone multistrato,14.578151409731197,1.136059295825964,0.5360412368434774,0.4393378757429659,1.220111596199112,13,15,-0.1681777267444619,1.5514835685581687
FD003,"SVR, kernel radiale",Metodi a margine e reti,Percettrone multistrato,14.675922928166866,1.36637585230459,0.6338127552791462,0.6435981724503639,0.9847957660694376,14,15,-1.0492476160423294,1.3599179438792586
FD003,Foresta casuale,Famiglia ad albero,Percettrone multistrato,14.701185322024946,1.2149820785707273,0.6590751491372314,0.5325285053834874,1.237633558531509,14,15,-0.0562087125971206,2.282582658848902
FD003,Bagging di alberi,Famiglia ad albero,Percettrone multistrato,14.938252520701754,1.1051195655556287,0.8961423478140355,0.4997601326406017,1.793144929506589,15,15,0.2442850080086263,2.101381969018444
FD003,AdaBoost,Famiglia ad albero,Percettrone multistrato,15.520887998725083,1.176271622006909,1.4787778258373665,0.7695081425348681,1.9217182302529825,15,15,0.423853930455536,3.444503811859427
FD003,Regression spline,Superamento della linearita',Percettrone multistrato,15.914276053764754,1.0974651246939104,1.8721658808770352,0.4870165154568402,3.844152757573059,15,15,0.9555580185723596,2.760235664478955
FD003,Modello additivo generalizzato,Superamento della linearita',Percettrone multistrato,15.945531144649989,1.091754685630344,1.9034209717622683,0.4731065504165647,4.023239522019572,15,15,0.9617362641837364,2.7460760058671383
FD003,Step functions,Superamento della linearita',Percettrone multistrato,16.095433238118655,1.080293305738448,2.0533230652309387,0.4681902535464955,4.38565956825717,15,15,1.2615730566197725,2.8201355675894924
FD003,Regressione polinomiale,Superamento della linearita',Percettrone multistrato,16.43929677031008,1.019997289577947,2.397186597422361,0.7421794728565756,3.2299284540918736,15,15,1.372035663486434,4.62537661416088
FD003,Albero di regressione potato,Famiglia ad albero,Percettrone multistrato,16.87085065576091,1.1265305807617003,2.828740482873192,0.5696671154002435,4.9656025534943184,15,15,2.0153840772242617,3.9692879098082177
FD003,"SVR, kernel lineare",Metodi a margine e reti,Percettrone multistrato,19.826376866261008,1.518421120791596,5.784266693373289,1.05565592375281,5.479310600380546,15,15,3.8225161998786295,7.606640214637503
FD003,Forward stepwise selection,Modelli lineari,Percettrone multistrato,19.84859550183314,1.448683217770911,5.806485328945424,1.2423032595371275,4.673967716311775,15,15,3.8154121072387657,8.04306243002687
FD003,Best subset selection,Modelli lineari,Percettrone multistrato,19.848595501833145,1.448683217770913,5.806485328945428,1.24230325953713,4.67396771631177,15,15,3.8154121072387657,8.043062430026877
FD003,Backward stepwise selection,Modelli lineari,Percettrone multistrato,19.848595501833145,1.448683217770913,5.806485328945428,1.24230325953713,4.67396771631177,15,15,3.8154121072387657,8.043062430026877
FD003,Ridge,Modelli lineari,Percettrone multistrato,19.88186911728864,1.4487799388672398,5.839758944400919,1.0901075279602153,5.357048543025975,15,15,3.91512043748037,8.082153117541777
FD003,Elastic Net,Modelli lineari,Percettrone multistrato,19.88964032861062,1.4539644433528665,5.847530155722902,1.055030027989233,5.542524857674078,15,15,3.9569494732623713,7.954887672012637
FD003,Lasso,Modelli lineari,Percettrone multistrato,19.919334204273245,1.458839892756735,5.877224031385526,1.1971943897616866,4.909164360981884,15,15,3.8243443202670258,8.414494383476812
FD003,Regressione sulle componenti principali,Modelli lineari,Percettrone multistrato,19.934353229674223,1.462708619848886,5.892243056786504,1.2688499617760485,4.6437665872952785,15,15,3.8026352351628585,8.673707155293185
FD003,Regressione lineare multipla,Modelli lineari,Percettrone multistrato,19.934353229674223,1.4627086198488848,5.892243056786503,1.2688499617760376,4.643766587295317,15,15,3.8026352351628727,8.673707155293135
FD003,"SVR, kernel polinomiale",Metodi a margine e reti,Percettrone multistrato,26.33517002452136,2.6689653590488507,12.293059851633643,3.3070869245413936,3.717186796757201,15,15,8.984101765764699,19.015409798602523
FD003,Regressione sul solo numero di ciclo,Metodi a margine e reti,Percettrone multistrato,35.116392875210266,2.6448117304438967,21.07428270232254,2.938540206542558,7.171684312980092,15,15,17.932028964695704,28.121540206576327
FD003,Predizione costante,Metodi a margine e reti,Percettrone multistrato,40.72951635327887,0.6507487992345734,26.687406180391147,0.9344078185317256,28.560769346222074,15,15,25.05040798078262,28.373401743137094
