subset,blocco,label,config,rmse_mean,rmse_std,mae_mean,r2_mean,n_configurations,n_fit
FD001,Metodi a margine e reti,Percettrone multistrato,"hidden_layer_sizes=(16,), learning_rate_init=0.001, max_iter=1000",16.58077738090125,1.3955022929293248,11.576622787907946,0.8404406501401102,175,15
FD001,Famiglia ad albero,Foresta casuale,"max_features=0.33, min_samples_leaf=5",16.594991086206722,1.461714726052238,11.5766766376877,0.8400616989405016,15,15
FD001,Famiglia ad albero,XGBoost,"learning_rate=0.05, max_depth=3, n_estimators=300",16.7011412302653,1.3612447451958138,11.612537320454916,0.8381710171699523,36,15
FD001,Famiglia ad albero,Gradient boosting,"learning_rate=0.05, max_depth=3, n_estimators=300",16.708522143352873,1.3658039806718254,11.623045690558769,0.838022005536488,36,15
FD001,Famiglia ad albero,Bagging di alberi,nessun iperparametro,16.894466678780198,1.4352071290546051,11.621097192161248,0.8343080254515196,1,15
FD001,Metodi a margine e reti,"SVR, kernel radiale","C=100, epsilon=8, gamma=0.015",16.960917655434557,1.4108012886289485,12.299140981290172,0.8330982342309164,150,15
FD001,Famiglia ad albero,AdaBoost,"max_depth=6, learning_rate=0.01, n_estimators=800",16.9663998213527,1.265215531828192,12.244618403876071,0.8331469387210688,100,15
FD001,Superamento della linearita',Modello additivo generalizzato,"lam=100, n_splines=20",17.462329226156385,1.2061915781068864,13.00104151513872,0.8234189024092257,45,15
FD001,Superamento della linearita',Regression spline,"degree=2, knots=uniform, n_knots=5",17.46799754536286,1.1858140431113977,13.050291484735869,0.8233327467401682,30,15
FD001,Superamento della linearita',Step functions,"n_bins=20, strategy=uniform",17.69189272386789,1.2043195525056984,13.189722165494045,0.8187736735226284,16,15
FD001,Superamento della linearita',Regressione polinomiale,degree=2,17.7518080339106,1.2810430151488077,13.814244314160105,0.8174119743992931,3,15
FD001,Famiglia ad albero,Albero di regressione potato,ccp_alpha=0.631,18.480329760564977,1.2678146850781482,12.783973039356152,0.8022038260698988,27,15
FD001,Metodi a margine e reti,"SVR, kernel lineare","C=0.01, epsilon=16",20.32026803269804,1.1151073566881924,16.563191972225173,0.7613071587852842,35,15
FD001,Modelli lineari,Ridge,alpha=1000,20.326974161087016,1.137096777203085,16.525027331997773,0.7611106290280305,41,15
FD001,Modelli lineari,Elastic Net,"alpha=0.08685, l1_ratio=0.05",20.32903388417386,1.1254295529714604,16.538851537829895,0.7610787489051279,450,15
FD001,Modelli lineari,Backward stepwise selection,k=17,20.34498991206653,1.1832488422931158,16.497886654947862,0.7606231482138237,18,15
FD001,Modelli lineari,Forward stepwise selection,k=17,20.34498991206653,1.1832488422931215,16.49788665494786,0.760623148213824,18,15
FD001,Modelli lineari,Best subset selection,k=17,20.34498991206653,1.1832488422931158,16.497886654947862,0.7606231482138237,262143,15
FD001,Modelli lineari,Lasso,alpha=0.02812,20.345049998924,1.1816125509291058,16.498638094703644,0.7606238692605526,50,15
FD001,Modelli lineari,Regressione lineare multipla,nessun iperparametro,20.34521944370695,1.183344430224618,16.497743035458054,0.7606176737573129,1,15
FD001,Modelli lineari,Regressione sulle componenti principali,n_components=6,20.35345029223353,1.1733087341853516,16.51885838707725,0.7604404432720687,18,15
FD001,Metodi a margine e reti,"SVR, kernel polinomiale","C=10, epsilon=16, gamma=0.06",23.354282037551588,0.9261220489161724,19.050875746629497,0.6851106813443372,140,15
FD001,Baseline,Regressione sul solo numero di ciclo,baseline,27.87823796074896,2.466999459821219,21.4877355600322,0.5485938927853348,1,15
FD001,Baseline,Predizione costante,baseline,41.69369866169996,0.135296042154274,36.97767650695546,-0.0021040037904417,1,15
FD003,Metodi a margine e reti,Percettrone multistrato,"hidden_layer_sizes=(128, 64), learning_rate_init=0.0001, max_iter=250",14.042110172887716,1.056928682431698,9.243837730304463,0.8798398543362335,175,15
FD003,Famiglia ad albero,XGBoost,"learning_rate=0.05, max_depth=5, n_estimators=300",14.55752607981364,1.1083137809757015,9.350061575571695,0.8708310604095459,36,15
FD003,Famiglia ad albero,Gradient boosting,"learning_rate=0.05, max_depth=5, n_estimators=300",14.578151409731197,1.136059295825964,9.35708818566233,0.8704469819791009,36,15
FD003,Metodi a margine e reti,"SVR, kernel radiale","C=10, epsilon=4, gamma=0.05",14.675922928166866,1.36637585230459,9.43390361431369,0.8686307711746964,150,15
FD003,Famiglia ad albero,Foresta casuale,"max_features=0.33, min_samples_leaf=5",14.701185322024946,1.214982078570727,9.452252599450668,0.868071340812078,15,15
FD003,Famiglia ad albero,Bagging di alberi,nessun iperparametro,14.938252520701754,1.1051195655556283,9.435337120413628,0.8639504174276198,1,15
FD003,Famiglia ad albero,AdaBoost,"max_depth=6, learning_rate=0.01, n_estimators=800",15.520887998725083,1.176271622006909,10.7223990073094,0.8529027690897212,100,15
FD003,Superamento della linearita',Regression spline,"degree=1, knots=uniform, n_knots=12",15.914276053764754,1.0974651246939109,12.048196036655968,0.8456965088922049,30,15
FD003,Superamento della linearita',Modello additivo generalizzato,"lam=10, n_splines=20",15.945531144649989,1.0917546856303442,12.063941393592115,0.8451286781132403,45,15
FD003,Superamento della linearita',Step functions,"n_bins=30, strategy=quantile",16.095433238118655,1.080293305738448,12.195273959890107,0.842209293224052,16,15
FD003,Superamento della linearita',Regressione polinomiale,degree=2,16.43929677031008,1.0199972895779468,12.512680724218924,0.8353487871210626,3,15
FD003,Famiglia ad albero,Albero di regressione potato,ccp_alpha=0.3981,16.87085065576091,1.1265305807617,10.712741395587138,0.8266319660368704,27,15
FD003,Metodi a margine e reti,"SVR, kernel lineare","C=0.01, epsilon=8",19.826376866261008,1.5184211207915954,15.525044073971095,0.7602663198442094,35,15
FD003,Modelli lineari,Forward stepwise selection,k=15,19.84859550183314,1.448683217770911,15.489306994022474,0.7598361147444517,19,15
FD003,Modelli lineari,Backward stepwise selection,k=15,19.848595501833145,1.448683217770914,15.48930699402248,0.7598361147444517,19,15
FD003,Modelli lineari,Best subset selection,k=15,19.848595501833145,1.448683217770914,15.48930699402248,0.7598361147444517,524287,15
FD003,Modelli lineari,Ridge,alpha=1778,19.88186911728864,1.4487799388672395,15.714973394878935,0.7588347881183233,41,15
FD003,Modelli lineari,Elastic Net,"alpha=0.1265, l1_ratio=0.05",19.88964032861062,1.4539644433528662,15.75830992612367,0.7586663435315902,450,15
FD003,Modelli lineari,Lasso,alpha=0.1842,19.919334204273245,1.458839892756735,15.650600329628048,0.7578588393926246,50,15
FD003,Modelli lineari,Regressione lineare multipla,nessun iperparametro,19.934353229674223,1.4627086198488848,15.6195707704193,0.7574442371381309,1,15
FD003,Modelli lineari,Regressione sulle componenti principali,n_components=19,19.934353229674223,1.462708619848886,15.619570770419305,0.7574442371381309,19,15
FD003,Metodi a margine e reti,"SVR, kernel polinomiale","C=0.1, epsilon=16, gamma=0.06",26.33517002452136,2.6689653590488507,20.77643957552765,0.5741951074322229,140,15
FD003,Baseline,Regressione sul solo numero di ciclo,baseline,35.116392875210266,2.6448117304438967,27.53391431944592,0.2436986988884737,1,15
FD003,Baseline,Predizione costante,baseline,40.72951635327887,0.6507487992345734,35.548959995243266,-0.0070002087024855,1,15
