insieme,n_clusters,metodo,linkage,silhouette,ari_vs_kmeans,dimensione_minima,dimensione_massima,ari_vs_reference
FD001,2,kmeans,,0.2597508501232013,1.0,36,64,
FD001,2,agglomerative,ward,0.239813813253064,0.7023021574268552,42,58,
FD001,2,agglomerative,complete,0.2012875745817384,0.0309792981940977,50,50,
FD001,2,agglomerative,average,0.1631397400121244,-0.0236196448604272,3,97,
FD001,3,kmeans,,0.2410899668379145,1.0,32,34,
FD001,3,agglomerative,ward,0.1983817527764326,0.6437033696509601,26,42,
FD001,3,agglomerative,complete,0.2020772880905624,0.411264043577647,15,50,
FD001,3,agglomerative,average,0.2053942664297697,0.460229058413262,3,56,
FD001,4,kmeans,,0.2321439657642928,1.0,13,31,
FD001,4,agglomerative,ward,0.2063453539037894,0.725148855889477,15,32,
FD001,4,agglomerative,complete,0.2194099729037675,0.7378898557448643,15,35,
FD001,4,agglomerative,average,0.1845508703515475,0.5545725461484017,3,56,
FD001,5,kmeans,,0.2025918603939055,1.0,8,30,
FD001,5,agglomerative,ward,0.2035399048624974,0.6531247134419905,6,32,
FD001,5,agglomerative,complete,0.2072577180922157,0.6937334088536158,3,32,
FD001,5,agglomerative,average,0.2066643698966572,0.7200159060446397,3,30,
FD001,6,kmeans,,0.1686504676905736,1.0,8,22,
FD001,6,agglomerative,ward,0.1547239165620451,0.6259212054097778,6,27,
FD001,6,agglomerative,complete,0.2071106126395437,0.5983999645789461,3,32,
FD001,6,agglomerative,average,0.207706790565762,0.6090737219021738,3,30,
FD003,2,kmeans,,0.5334421024780315,1.0,44,56,
FD003,2,agglomerative,ward,0.5334421024780315,1.0,44,56,
FD003,2,agglomerative,complete,0.4545434267988755,0.0054535716024735,1,99,
FD003,2,agglomerative,average,0.4545434267988755,0.0054535716024735,1,99,
FD003,3,kmeans,,0.4787280893687704,1.0,16,44,
FD003,3,agglomerative,ward,0.4770877319167358,0.9763084068476144,15,44,
FD003,3,agglomerative,complete,0.5342652544738764,0.7231306476770032,1,56,
FD003,3,agglomerative,average,0.5342652544738764,0.7231306476770032,1,56,
FD003,4,kmeans,,0.483316541842767,1.0,1,43,
FD003,4,agglomerative,ward,0.4816241603037441,0.9760799853659592,1,43,
FD003,4,agglomerative,complete,0.4747160648327498,0.9526439403643174,1,43,
FD003,4,agglomerative,average,0.4747160648327498,0.9526439403643174,1,43,
FD003,5,kmeans,,0.4064692275779746,1.0,1,43,
FD003,5,agglomerative,ward,0.3968971439307597,0.9117381896862604,1,43,
FD003,5,agglomerative,complete,0.3976189509140606,0.9137951742112154,1,43,
FD003,5,agglomerative,average,0.4064815326789571,0.7889335948066,1,43,
FD003,6,kmeans,,0.2491077131384349,1.0,1,32,
FD003,6,agglomerative,ward,0.2218761064173054,0.7978552333889894,1,31,
FD003,6,agglomerative,complete,0.3911807271265375,0.6399064235761488,1,43,
FD003,6,agglomerative,average,0.3844167263204861,0.5735920266339674,1,43,
unione,2,kmeans,,0.5517559321268807,1.0,44,156,0.1908089006502832
unione,2,agglomerative,ward,0.5517559321268807,1.0,44,156,0.1908089006502832
unione,2,agglomerative,complete,0.6120954246846011,0.0252277019573416,1,199,0.0
unione,2,agglomerative,average,0.6120954246846011,0.0252277019573416,1,199,0.0
unione,3,kmeans,,0.4048191899001534,1.0,44,102,0.1398523888213556
unione,3,agglomerative,ward,0.3964464464699831,0.8884373043956144,44,101,0.1399325741903871
unione,3,agglomerative,complete,0.55007769568635,0.4807645379057318,1,156,0.1864763780619466
unione,3,agglomerative,average,0.55007769568635,0.4807645379057318,1,156,0.1864763780619466
unione,4,kmeans,,0.3471881580115732,1.0,44,54,0.1246139295240371
unione,4,agglomerative,ward,0.3413751379057803,0.8938365149810795,44,56,0.1267444397919861
unione,4,agglomerative,complete,0.4040751702234347,0.672978750398132,1,102,0.1359092023857381
unione,4,agglomerative,average,0.3972818111740484,0.6391907559588953,1,97,0.1355133333670481
unione,5,kmeans,,0.3385075016086157,1.0,21,51,0.1153279843105235
unione,5,agglomerative,ward,0.3462516100884574,0.8117906075378919,1,56,0.1223928085718712
unione,5,agglomerative,complete,0.3436984636140933,0.584641475385717,1,102,0.1358637579830097
unione,5,agglomerative,average,0.3383028274163854,0.5696641761801667,1,97,0.1272247644248081
unione,6,kmeans,,0.3405084160620046,1.0,1,50,0.1109492467397217
unione,6,agglomerative,ward,0.3378039974126415,0.89577783658749,1,56,0.1121975136554451
unione,6,agglomerative,complete,0.3064537712153425,0.7722932608817271,1,56,0.1218387719915641
unione,6,agglomerative,average,0.2630937253301371,0.5996501519505514,1,97,0.1248911239047899
FD001_senza_durata,2,kmeans,,0.2656255317155537,1.0,38,62,
FD001_senza_durata,2,agglomerative,ward,0.2619833859177506,0.8444889800545335,38,62,
FD001_senza_durata,2,agglomerative,complete,0.1276811167615187,0.0760695932810968,33,67,
FD001_senza_durata,2,agglomerative,average,0.264928799414553,0.8820944099269067,37,63,
FD001_senza_durata,3,kmeans,,0.2505011915593549,1.0,33,34,
FD001_senza_durata,3,agglomerative,ward,0.2375724587130576,0.7720295171420375,29,38,
FD001_senza_durata,3,agglomerative,complete,0.23677872177275,0.8264112125498264,33,34,
FD001_senza_durata,3,agglomerative,average,0.2475611632735427,0.8248531272733942,31,37,
FD001_senza_durata,4,kmeans,,0.2357973827761254,1.0,16,31,
FD001_senza_durata,4,agglomerative,ward,0.229280364785498,0.8052298514999922,12,33,
FD001_senza_durata,4,agglomerative,complete,0.2291024251282361,0.7700449035838497,12,34,
FD001_senza_durata,4,agglomerative,average,0.2387181898143473,0.8605021795351461,12,32,
FD001_senza_durata,5,kmeans,,0.2196931739871937,1.0,8,30,
FD001_senza_durata,5,agglomerative,ward,0.1689724884674476,0.6902001211567279,12,29,
FD001_senza_durata,5,agglomerative,complete,0.211455256877115,0.7280537863548363,3,33,
FD001_senza_durata,5,agglomerative,average,0.2210224766920662,0.8403619600478061,3,31,
FD001_senza_durata,6,kmeans,,0.1823242548043402,1.0,6,26,
FD001_senza_durata,6,agglomerative,ward,0.158428676665162,0.6498886145246442,11,26,
FD001_senza_durata,6,agglomerative,complete,0.1558346092602011,0.6453917523738587,3,31,
FD001_senza_durata,6,agglomerative,average,0.2188633418304053,0.7508111120023631,3,31,
FD003_senza_durata,2,kmeans,,0.5418656779179132,1.0,44,56,
FD003_senza_durata,2,agglomerative,ward,0.5418656779179132,1.0,44,56,
FD003_senza_durata,2,agglomerative,complete,0.4537577068879777,0.0054535716024735,1,99,
FD003_senza_durata,2,agglomerative,average,0.4537577068879777,0.0054535716024735,1,99,
FD003_senza_durata,3,kmeans,,0.4912824846205558,1.0,16,44,
FD003_senza_durata,3,agglomerative,ward,0.4827168952870913,0.9531242437272768,18,44,
FD003_senza_durata,3,agglomerative,complete,0.5437890350089867,0.7231306476770032,1,56,
FD003_senza_durata,3,agglomerative,average,0.5437890350089867,0.7231306476770032,1,56,
FD003_senza_durata,4,kmeans,,0.4968057299027244,1.0,1,43,
FD003_senza_durata,4,agglomerative,ward,0.4882503285874408,0.9526439403643174,1,43,
FD003_senza_durata,4,agglomerative,complete,0.4882503285874408,0.9526439403643174,1,43,
FD003_senza_durata,4,agglomerative,average,0.4882503285874408,0.9526439403643174,1,43,
FD003_senza_durata,5,kmeans,,0.2709734348610466,1.0,9,35,
FD003_senza_durata,5,agglomerative,ward,0.4114936867088302,0.678931033444843,1,43,
FD003_senza_durata,5,agglomerative,complete,0.4114936867088302,0.678931033444843,1,43,
FD003_senza_durata,5,agglomerative,average,0.4449604685156657,0.618692439419545,1,43,
FD003_senza_durata,6,kmeans,,0.4173986025386758,1.0,1,43,
FD003_senza_durata,6,agglomerative,ward,0.4045094792940803,0.9014406833445956,1,43,
FD003_senza_durata,6,agglomerative,complete,0.4045094792940803,0.9014406833445956,1,43,
FD003_senza_durata,6,agglomerative,average,0.4313661231924115,0.8119050876102379,1,43,
